<?xml version="1.0" encoding="UTF-8"?>
<project-private xmlns="http://www.netbeans.org/ns/project-private/1">
    <editor-bookmarks xmlns="http://www.netbeans.org/ns/editor-bookmarks/2" lastBookmarkId="0"/>
    <open-files xmlns="http://www.netbeans.org/ns/projectui-open-files/2">
        <group>
            <file>file:/C:/Users/rikyr/Documents/NetBeansProjects/Esame220905/src/esame220905/Dvd.java</file>
            <file>file:/C:/Users/rikyr/Documents/NetBeansProjects/Esame220905/src/esame220905/Archivio.java</file>
            <file>file:/C:/Users/rikyr/Documents/NetBeansProjects/Esame220905/src/esame220905/CDmusicale.java</file>
            <file>file:/C:/Users/rikyr/Documents/NetBeansProjects/Esame220905/src/esame220905/OggettoAcquistato.java</file>
            <file>file:/C:/Users/rikyr/Documents/NetBeansProjects/Esame220905/src/esame220905/Data.java</file>
            <file>file:/C:/Users/rikyr/Documents/NetBeansProjects/Esame220905/src/esame220905/Esame220905.java</file>
            <file>file:/C:/Users/rikyr/Documents/NetBeansProjects/Esame220905/src/esame220905/Libro.java</file>
        </group>
    </open-files>
</project-private>
